{
  "_id": "9qnNAutNuEGEUJWm",
  "name": "Anvil of Pytama (III)",
  "type": "spell",
  "img": "systems/hm3/images/icons/svg/anvil.svg",
  "effects": [],
  "folder": "dILaYsjczUReYHlC",
  "flags": {
    "core": {}
  },
  "system": {
    "notes": "",
    "description": "<p>A minor artifact power installed in a wholly metallic weapon to increase its Impact. It cannot be combined with any other enchantment.</p><p>Successful installation increases the weapon’s Impact in all aspects by one (MS) or two (CS).</p><p>The Duration is Permanent if the power is installed when the weapon is forged; otherwise, the Duration is Indefinite.</p><p>&nbsp;</p><p>Bonus Effect</p><table><tr><td style='width: 4em;'>CML60+</td><td>Enchantment may be laid upon a mostly metallic weapon.</td></tr></table><p>&nbsp;</p><p>Time: 15-CSI hours</p><p>Range: Touch</p><p>Duration: Indefinite/Permanent (see above)</p>",
    "source": "HM3 Magic",
    "macros": {
      "type": "script",
      "command": ""
    },
    "convocation": "Tykizu",
    "level": 3,
    "effectiveMasteryLevel": 0
  },
  "_stats": {
    "systemId": "hm3",
    "systemVersion": "1.4.6",
    "coreVersion": "11.305",
    "createdTime": 1689284381758,
    "modifiedTime": 1689285083843,
    "lastModifiedBy": "gaRXj6PUpj4nuJ7Y"
  },
  "sort": 0,
  "ownership": {
    "default": 0,
    "gaRXj6PUpj4nuJ7Y": 3
  },
  "_key": "!items!9qnNAutNuEGEUJWm"
}
