{
  "_id": "s8x8BykOgGftIqu8",
  "name": "Argenon’s Riddle (III)",
  "type": "invocation",
  "img": "systems/hm3/images/icons/png/shala.png",
  "effects": [],
  "folder": "Q1GdIqZAQz4oVhEd",
  "flags": {
    "core": {}
  },
  "system": {
    "notes": "",
    "description": "<table><tr><td><b>Time:</b> 15−RSI seconds+</td><td><b>Ritual:</b> Prayer/Spoken Riddle</td></tr><tr><td><b>Range:</b> 1 Listener+</td><td><b>Duration:</b> 10 (MS); 30 (CS) mins.</td></tr></table><p>Poses a riddle that the listener must answer or make a successful WIL ×3 check to ignore. Those puzzled by the riddle can perform no other action that requires concentration, and suffer a special penalty to all skills of −10 for Duration. Riddle must be in a language known by listener and involve a familiar subject. The priest must know the answer.</p>",
    "source": "",
    "macros": {
      "type": "script",
      "command": ""
    },
    "deity": "Shala",
    "circle": 3,
    "effectiveMasteryLevel": 0
  },
  "_stats": {
    "systemId": "hm3",
    "systemVersion": "1.4.6",
    "coreVersion": "11.305",
    "createdTime": 1689284305234,
    "modifiedTime": 1689285083843,
    "lastModifiedBy": "gaRXj6PUpj4nuJ7Y"
  },
  "sort": 0,
  "ownership": {
    "default": 0,
    "gaRXj6PUpj4nuJ7Y": 3
  },
  "_key": "!items!s8x8BykOgGftIqu8"
}
