{
  "_id": "tQWeL0I6Ir0wCdJG",
  "name": "Arwyn’s Bubble (V)",
  "type": "spell",
  "img": "systems/hm3/images/icons/svg/pentacle.svg",
  "effects": [],
  "folder": "g3J9Eik2awfBs91a",
  "flags": {
    "core": {}
  },
  "system": {
    "notes": "",
    "description": "<p>A spherical zone within which magical effects are halted. The sphere, centered on the caster, extends CSI hexes in all directions. With the basic spell, the caster cannot move more than a foot in each direction for Duration (the Bubble is non-mobile).</p><p>Indefinite and Permanent spells are suspended within the sphere; they resume normally when the bubble “pops.” Temporary enchantments are also suspended, but resume only if they have Duration remaining.</p><p>While the Bubble is in place, magic (including the caster’s) cannot operate within nor penetrate from the outside.</p><p>&nbsp;</p><h2>Bonus Effects</h2><table><tr><td style='width: 4em;'>CML70+</td><td>Caster may expand/contract the Bubble within its maximum extent.</td></tr><tr><td style='width: 4em;'>CML80+</td><td>Caster may move normally although the Bubble remains centered and attached.</td></tr></table><p>&nbsp;</p><p>Time: 25-CSI seconds</p><p>Range: Self</p><p>Duration: CSI Rounds</p>",
    "source": "HM3 Magic",
    "macros": {
      "type": "script",
      "command": ""
    },
    "convocation": "Neutral",
    "level": 5,
    "effectiveMasteryLevel": 0
  },
  "_stats": {
    "systemId": "hm3",
    "systemVersion": "1.4.6",
    "coreVersion": "11.305",
    "createdTime": 1689284390936,
    "modifiedTime": 1689285083843,
    "lastModifiedBy": "gaRXj6PUpj4nuJ7Y"
  },
  "sort": 0,
  "ownership": {
    "default": 0,
    "gaRXj6PUpj4nuJ7Y": 3
  },
  "_key": "!items!tQWeL0I6Ir0wCdJG"
}
