{
  "_id": "dyMBUsE1QwKYigah",
  "name": "Awe (III)",
  "type": "invocation",
  "img": "systems/hm3/images/icons/png/zelist.png",
  "effects": [],
  "folder": "4u6Psw2rEtLt9ZMS",
  "flags": {
    "core": {}
  },
  "system": {
    "notes": "",
    "description": "<table><tr><td><b>Time:</b> 25−RSI seconds+</td><td><b>Ritual:</b> Prayer</td></tr><tr><td><b>Range:</b> RML feet+</td><td><b>Duration:</b> One Initiative Test</td></tr></table><p>Creates a feeling of the presence of the deity. In crisis situations, the effect is to cause ALL persons within Range who are not adherents of the deity to test Initiative (Combat 18), modified as noted for success level:</p><p>CS: −20</p><p>MS: −10</p><p>CF: +20</p><p>&nbsp;</p><p>The invocation may be limited to specific individuals touched by the cleric.</p>",
    "source": "",
    "macros": {
      "type": "script",
      "command": ""
    },
    "deity": "Zelist",
    "circle": 3,
    "effectiveMasteryLevel": 0
  },
  "_stats": {
    "systemId": "hm3",
    "systemVersion": "1.4.6",
    "coreVersion": "11.305",
    "createdTime": 1689284281965,
    "modifiedTime": 1689285083843,
    "lastModifiedBy": "gaRXj6PUpj4nuJ7Y"
  },
  "sort": 0,
  "ownership": {
    "default": 0,
    "gaRXj6PUpj4nuJ7Y": 3
  },
  "_key": "!items!dyMBUsE1QwKYigah"
}
