{
  "_id": "rgu0cuBUovfTk33H",
  "name": "Blade of Sycanus (V)",
  "type": "invocation",
  "img": "systems/hm3/images/icons/png/korön.png",
  "effects": [],
  "folder": "jOppWJPOPMwgDYFG",
  "flags": {
    "core": {}
  },
  "system": {
    "notes": "",
    "description": "<table><tr><td><b>Time:</b> 35−RSI Seconds+</td><td><b>Ritual:</b> Chant</td></tr><tr><td><b>Range:</b> Touch Weapon+</td><td><b>Duration:</b> one strike</td></tr></table><p>Converts any edged weapon into a mundane flaming sickle for Duration. Using the normal impact of the edged weapon, an injury of +9 (or more) causes the victim to make a K4 roll. A lesser impact is treated as a normal strike and terminates the invocation.</p><p>CF: Weapon melts and causes 3d6 fire impact to hand(s).</p>",
    "source": "",
    "macros": {
      "type": "script",
      "command": ""
    },
    "deity": "Korön",
    "circle": 5,
    "effectiveMasteryLevel": 0
  },
  "_stats": {
    "systemId": "hm3",
    "systemVersion": "1.4.6",
    "coreVersion": "11.305",
    "createdTime": 1689284264856,
    "modifiedTime": 1689285083843,
    "lastModifiedBy": "gaRXj6PUpj4nuJ7Y"
  },
  "sort": 0,
  "ownership": {
    "default": 0,
    "gaRXj6PUpj4nuJ7Y": 3
  },
  "_key": "!items!rgu0cuBUovfTk33H"
}
