{
  "_id": "sygPqgApvQUL211x",
  "name": "Blessing of the Winged Lion (III)",
  "type": "invocation",
  "img": "systems/hm3/images/icons/png/cael.png",
  "effects": [],
  "folder": "cKpd7e8LEPwE5H2E",
  "flags": {
    "core": {}
  },
  "system": {
    "notes": "",
    "description": "<table><tr><td><b>Time:</b> 15−RSI seconds+</td><td><b>Ritual:</b> Chant</td></tr><tr><td><b>Range:</b> Self/Touch+</td><td><b>Duration:</b> 5 (MS); 15 (CS) minutes</td></tr></table><p>The subject is rendered immune to any damage from ethereal fire for Duration.</p>",
    "source": "",
    "macros": {
      "type": "script",
      "command": ""
    },
    "deity": "Cael",
    "circle": 3,
    "effectiveMasteryLevel": 0
  },
  "_stats": {
    "systemId": "hm3",
    "systemVersion": "1.4.6",
    "coreVersion": "11.305",
    "createdTime": 1689284275736,
    "modifiedTime": 1689285083843,
    "lastModifiedBy": "gaRXj6PUpj4nuJ7Y"
  },
  "sort": 0,
  "ownership": {
    "default": 0,
    "gaRXj6PUpj4nuJ7Y": 3
  },
  "_key": "!items!sygPqgApvQUL211x"
}
