{
  "_id": "zit8QBhpYST5OeaV",
  "name": "Blessing (II)",
  "type": "invocation",
  "img": "systems/hm3/images/icons/png/alea.png",
  "effects": [],
  "folder": "vgrw7aVTemgPWZxh",
  "flags": {
    "core": {}
  },
  "system": {
    "notes": "",
    "description": "<table><tr><td><b>Time:</b> 25−RSI seconds+</td><td><b>Ritual:</b> Prayer</td></tr><tr><td><b>Range:</b> Touch/Sermon+</td><td><b>Duration:</b> One Blessing</td></tr></table><p>A ritual to bestow piety on the subject. The piety is transferred from the cleric to the subject. The cleric determines in advance how much Piety will be bestowed. With CS, bestowed piety is deducted at half-cost from the cleric.</p><p>&nbsp;</p><p>A cleric may “broadcast” an equal amount of Piety to a larger audience. Blessing may (optionally) be used to neutralize the effect of a Hex psionic talent or a Curse invocation.</p>",
    "source": "",
    "macros": {
      "type": "script",
      "command": ""
    },
    "deity": "Alea",
    "circle": 2,
    "effectiveMasteryLevel": 0
  },
  "_stats": {
    "systemId": "hm3",
    "systemVersion": "1.4.6",
    "coreVersion": "11.305",
    "createdTime": 1689284294673,
    "modifiedTime": 1689285083843,
    "lastModifiedBy": "gaRXj6PUpj4nuJ7Y"
  },
  "sort": 0,
  "ownership": {
    "default": 0,
    "gaRXj6PUpj4nuJ7Y": 3
  },
  "_key": "!items!zit8QBhpYST5OeaV"
}
