{
  "_id": "FLkxzGHgjCvYvJ1m",
  "name": "Communing With The Cycle (III)",
  "type": "invocation",
  "img": "systems/hm3/images/icons/png/kalos.png",
  "effects": [],
  "folder": "olFsheWfuwIH41Tk",
  "flags": {
    "core": {}
  },
  "system": {
    "notes": "",
    "description": "<table><tr><td><b>Time:</b> 15−RSI seconds+</td><td><b>Ritual:</b> Chant</td></tr><tr><td><b>Range:</b> Self+</td><td><b>Duration:</b> 10 (MS); 30 (CS) days</td></tr></table><p>Allows the invoker to communicate more easily with Ivashu by increasing the cleric’s Ivashi ML +20 (MS) and +50 (CS) for Duration.  When the invocation expires, the cleric can make one (MS) or three (CS) Skill Development Rolls for Ivashi.</p>",
    "source": "",
    "macros": {
      "type": "script",
      "command": ""
    },
    "deity": "Kalos",
    "circle": 3,
    "effectiveMasteryLevel": 0
  },
  "_stats": {
    "systemId": "hm3",
    "systemVersion": "1.4.6",
    "coreVersion": "11.305",
    "createdTime": 1689284270245,
    "modifiedTime": 1689285083843,
    "lastModifiedBy": "gaRXj6PUpj4nuJ7Y"
  },
  "sort": 0,
  "ownership": {
    "default": 0,
    "gaRXj6PUpj4nuJ7Y": 3
  },
  "_key": "!items!FLkxzGHgjCvYvJ1m"
}
