{
  "_id": "2o4rYa9NNO43stFX",
  "name": "Counsel of Sweldre (II)",
  "type": "invocation",
  "img": "systems/hm3/images/icons/png/arial.png",
  "effects": [],
  "folder": "vEue0eMD5ey8uFXc",
  "flags": {
    "core": {}
  },
  "system": {
    "notes": "",
    "description": "<table><tr><td><b>Time:</b> 25−RSI seconds+</td><td><b>Ritual:</b> Chant</td></tr><tr><td><b>Range:</b> Self+</td><td><b>Duration:</b> N/A</td></tr></table><p>Gives the cleric insight into the proper course of action in a moral quandary. GM may reveal the information in any appropriate way.</p>",
    "source": "",
    "macros": {
      "type": "script",
      "command": ""
    },
    "deity": "Arial",
    "circle": 2,
    "effectiveMasteryLevel": 0
  },
  "_stats": {
    "systemId": "hm3",
    "systemVersion": "1.4.6",
    "coreVersion": "11.305",
    "createdTime": 1689284313055,
    "modifiedTime": 1689285083843,
    "lastModifiedBy": "gaRXj6PUpj4nuJ7Y"
  },
  "sort": 0,
  "ownership": {
    "default": 0,
    "gaRXj6PUpj4nuJ7Y": 3
  },
  "_key": "!items!2o4rYa9NNO43stFX"
}
