{
  "_id": "VQZjsiDeIb7259wl",
  "name": "Crimson Dance (IV)",
  "type": "invocation",
  "img": "systems/hm3/images/icons/png/korön.png",
  "effects": [],
  "folder": "jOppWJPOPMwgDYFG",
  "flags": {
    "core": {}
  },
  "system": {
    "notes": "",
    "description": "<table><tr><td><b>Time:</b> 25−RSI Seconds+</td><td><b>Ritual:</b> Song</td></tr><tr><td><b>Range:</b> Self/Touch+</td><td><b>Duration:</b> RSI minutes</td></tr></table><p>An invocation to produce battle frenzy in a cleric’s allies. They have a double move for Duration, but must select the most aggressive option for Attack or Defense with +10 on all combat skills. Each subject is assessed F3 Fatigue at end of Duration.</p><p>CS: fatigue is ignored.</p><p>CF: the invoker (alone) goes Berserk.</p>",
    "source": "",
    "macros": {
      "type": "script",
      "command": ""
    },
    "deity": "Korön",
    "circle": 4,
    "effectiveMasteryLevel": 0
  },
  "_stats": {
    "systemId": "hm3",
    "systemVersion": "1.4.6",
    "coreVersion": "11.305",
    "createdTime": 1689284264856,
    "modifiedTime": 1689285083843,
    "lastModifiedBy": "gaRXj6PUpj4nuJ7Y"
  },
  "sort": 0,
  "ownership": {
    "default": 0,
    "gaRXj6PUpj4nuJ7Y": 3
  },
  "_key": "!items!VQZjsiDeIb7259wl"
}
