{
  "_id": "nnh3du5mGZ0dBfrN",
  "name": "Curse of Balrin (IV)",
  "type": "spell",
  "img": "systems/hm3/images/icons/svg/water.svg",
  "effects": [],
  "folder": "gtGO9IFu3Gtp6l3r",
  "flags": {
    "core": {}
  },
  "system": {
    "notes": "",
    "description": "<p>A spell which engulfs an area in ethereal water. The water, centered on the caster, has a maximum volume of CSI x100 cubic feet. Hence, at CSI 5, the maximum volume is 500 cubic feet. Within the volume limits, the caster controls the amount of water.</p><p>The caster, who is immune to the effects, can move/ swim away, but the ethereal water remains fixed in space for Duration, then flows away (regardless of drainage) in about ten (10) seconds.</p><p>&nbsp;</p><h2>Bonus Effects</h2><table><tr><td style='width: 4em;'>CML70+</td><td>Caster and up to CSI other living entities (touched) may be excluded from the effects of the ethereal water.</td></tr><tr><td style='width: 4em;'>CML80+</td><td>The volume may be centered on any Avikor object within a Range of CSI hexes.</td></tr><tr><td style='width: 4em;'>CML90+</td><td>The volume is no longer fixed in space, but can (if desired) now move with the caster, or with the object on which it is centered.</td></tr></table><p>&nbsp;</p><p>Time: 15-CSI rounds</p><p>Range: Self/CSI hexes at CML80+</p><p>Duration: CSI rounds</p>",
    "source": "HM3 Magic",
    "macros": {
      "type": "script",
      "command": ""
    },
    "convocation": "Odivishe",
    "level": 4,
    "effectiveMasteryLevel": 0
  },
  "_stats": {
    "systemId": "hm3",
    "systemVersion": "1.4.6",
    "coreVersion": "11.305",
    "createdTime": 1689284398122,
    "modifiedTime": 1689285083843,
    "lastModifiedBy": "gaRXj6PUpj4nuJ7Y"
  },
  "sort": 0,
  "ownership": {
    "default": 0,
    "gaRXj6PUpj4nuJ7Y": 3
  },
  "_key": "!items!nnh3du5mGZ0dBfrN"
}
