{
  "_id": "gvBxLwYirbT6S1aa",
  "name": "Daemar’s Discipline (III)",
  "type": "invocation",
  "img": "systems/hm3/images/icons/png/shala.png",
  "effects": [],
  "folder": "Q1GdIqZAQz4oVhEd",
  "flags": {
    "core": {}
  },
  "system": {
    "notes": "",
    "description": "<table><tr><td><b>Time:</b> 15−RSI seconds+</td><td><b>Ritual:</b> Chant</td></tr><tr><td><b>Range:</b> Self/Touch+</td><td><b>Duration:</b> 8 (MS); 24 (CS) days</td></tr></table><p>Increases subject’s WIL by +2 (MS) or +6 (CS) for Duration.</p>",
    "source": "",
    "macros": {
      "type": "script",
      "command": ""
    },
    "deity": "Shala",
    "circle": 3,
    "effectiveMasteryLevel": 0
  },
  "_stats": {
    "systemId": "hm3",
    "systemVersion": "1.4.6",
    "coreVersion": "11.305",
    "createdTime": 1689284305234,
    "modifiedTime": 1689285083843,
    "lastModifiedBy": "gaRXj6PUpj4nuJ7Y"
  },
  "sort": 0,
  "ownership": {
    "default": 0,
    "gaRXj6PUpj4nuJ7Y": 3
  },
  "_key": "!items!gvBxLwYirbT6S1aa"
}
