{
  "_id": "cZlALeokG62fmxwP",
  "name": "Descent from Valon (V)",
  "type": "invocation",
  "img": "systems/hm3/images/icons/png/alea.png",
  "effects": [],
  "folder": "vgrw7aVTemgPWZxh",
  "flags": {
    "core": {}
  },
  "system": {
    "notes": "",
    "description": "<table><tr><td><b>Time:</b> 15−RSI hours+</td><td><b>Ritual:</b> </td></tr><tr><td><b>Range:</b> Touch+</td><td><b>Duration:</b> Indefinite</td></tr></table><p>Bring the recent dead back to life, although not to the prime of health. This is an extremely difficult ceremony, which burns a great deal of incense, and requires copious amounts of holy water. EML is reduced by the number of hours the victim has been dead at the conclusion of the ritual. The patient revives with any success. All mortal wounds and/or diseases are restored to a healing rate of H1 (MS) or H2 (CS.). The patient may still die and additional healing is advisable.</p><p>&nbsp;</p>",
    "source": "",
    "macros": {
      "type": "script",
      "command": ""
    },
    "deity": "Alea",
    "circle": 5,
    "effectiveMasteryLevel": 0
  },
  "_stats": {
    "systemId": "hm3",
    "systemVersion": "1.4.6",
    "coreVersion": "11.305",
    "createdTime": 1689284294673,
    "modifiedTime": 1689285083843,
    "lastModifiedBy": "gaRXj6PUpj4nuJ7Y"
  },
  "sort": 0,
  "ownership": {
    "default": 0,
    "gaRXj6PUpj4nuJ7Y": 3
  },
  "_key": "!items!cZlALeokG62fmxwP"
}
