{
  "_id": "s8Sf72NFnFwzrqw2",
  "name": "Divination (IV)",
  "type": "invocation",
  "img": "systems/hm3/images/icons/png/shala.png",
  "effects": [],
  "folder": "Q1GdIqZAQz4oVhEd",
  "flags": {
    "core": {}
  },
  "system": {
    "notes": "",
    "description": "<table><tr><td><b>Time:</b> 15−RSI minutes+</td><td><b>Ritual:</b> Prayer/Meditation</td></tr><tr><td><b>Range:</b> Self+</td><td><b>Duration:</b> One Question.</td></tr></table><p>An attempt to discover the will of the deity.</p><table><tr><td style='width: 3em;'>CS</td><td>The character may ask one broad question</td></tr><tr><td style='width: 3em;'>MS</td><td>The character may ask one specific yes/no question.</td></tr><tr><td style='width: 3em;'>CF</td><td>The deity is annoyed by the intrusion and punishes the invoker with 1d6 Fatigue Levels.</td></tr></table><p>Note: Some clerics prefer to Summon a divine servant of their deity and ask it questions with Divination. A summoned being can be asked three questions.</p>",
    "source": "",
    "macros": {
      "type": "script",
      "command": ""
    },
    "deity": "Shala",
    "circle": 4,
    "effectiveMasteryLevel": 0
  },
  "_stats": {
    "systemId": "hm3",
    "systemVersion": "1.4.6",
    "coreVersion": "11.305",
    "createdTime": 1689284305234,
    "modifiedTime": 1689285083843,
    "lastModifiedBy": "gaRXj6PUpj4nuJ7Y"
  },
  "sort": 0,
  "ownership": {
    "default": 0,
    "gaRXj6PUpj4nuJ7Y": 3
  },
  "_key": "!items!s8Sf72NFnFwzrqw2"
}
