{
  "_id": "FkzTX93uIGYpmxCe",
  "name": "Endure (III)",
  "type": "invocation",
  "img": "systems/hm3/images/icons/png/arial.png",
  "effects": [],
  "folder": "vEue0eMD5ey8uFXc",
  "flags": {
    "core": {}
  },
  "system": {
    "notes": "",
    "description": "<table><tr><td><b>Time:</b> 15−RSI seconds+</td><td><b>Ritual:</b> Prayer</td></tr><tr><td><b>Range:</b> Self/RSI hexes+</td><td><b>Duration:</b> 10 minutes</td></tr></table><p>Temporarily increases the Endurance attribute +2 (MS) or +5 (CS) of one subject (usually a friend) within Range.</p><p>CF: halves the cleric’s Endurance for Duration.</p>",
    "source": "",
    "macros": {
      "type": "script",
      "command": ""
    },
    "deity": "Arial",
    "circle": 3,
    "effectiveMasteryLevel": 0
  },
  "_stats": {
    "systemId": "hm3",
    "systemVersion": "1.4.6",
    "coreVersion": "11.305",
    "createdTime": 1689284313055,
    "modifiedTime": 1689285083843,
    "lastModifiedBy": "gaRXj6PUpj4nuJ7Y"
  },
  "sort": 0,
  "ownership": {
    "default": 0,
    "gaRXj6PUpj4nuJ7Y": 3
  },
  "_key": "!items!FkzTX93uIGYpmxCe"
}
