{
  "_id": "N3YifnuuCPSwqHwl",
  "name": "Exorcism (V)",
  "type": "invocation",
  "img": "systems/hm3/images/icons/png/tyvos.png",
  "effects": [],
  "folder": "gTMPd6VAWFd8nfM2",
  "flags": {
    "core": {}
  },
  "system": {
    "notes": "",
    "description": "<table><tr><td><b>Time:</b> 15−RSI Hours+</td><td><b>Ritual:</b> Prayer/Holy Water</td></tr><tr><td><b>Range:</b> Touch+</td><td><b>Duration:</b> One Mental Conflict</td></tr></table><p>Seeks to banish a possessing spirit from a victim. The ceremony requires frequent laying on of hands and Holy Water. The invocation involves one Mental Conflict (Skills 23/24) with the possessing spirit, modified as below:</p><p>CS: +50</p><p>MS: +20</p><p>CF: −30</p>",
    "source": "",
    "macros": {
      "type": "script",
      "command": ""
    },
    "deity": "Tyvos",
    "circle": 5,
    "effectiveMasteryLevel": 0
  },
  "_stats": {
    "systemId": "hm3",
    "systemVersion": "1.4.6",
    "coreVersion": "11.305",
    "createdTime": 1689284299721,
    "modifiedTime": 1689285083843,
    "lastModifiedBy": "gaRXj6PUpj4nuJ7Y"
  },
  "sort": 0,
  "ownership": {
    "default": 0,
    "gaRXj6PUpj4nuJ7Y": 3
  },
  "_key": "!items!N3YifnuuCPSwqHwl"
}
