{
  "_id": "mF3mMVHua5lFkfVV",
  "name": "Eyes of Niyar (III)",
  "type": "spell",
  "img": "systems/hm3/images/icons/svg/fire.svg",
  "effects": [],
  "folder": "aqY5F35ewokEjo5C",
  "flags": {
    "core": {}
  },
  "system": {
    "notes": "",
    "description": "<p>A self-enchantment which causes the caster’s eyes to perceive distinctions in heat instead of light. The subject perceives gradations in temperature as variations in color.  The enchanted eyes cannot see normally, and emit a faint orange glow.</p><p>This kind of “infravision” does not allow one to distinguish objects of similar temperature and will not work if the subject is blind visually.</p><p>&nbsp;</p><h2>Bonus Effects</h2><table><tr><td style='width: 4em;'>CML80+</td><td>Enchantment may be laid upon a willing recipient. Touch is required.</td></tr></table><p>&nbsp;</p><p>Time: 25-CSI seconds</p><p>Range: Self/Touch at CML80+</p><p>Duration: CSI minutes</p>",
    "source": "HM3 Magic",
    "macros": {
      "type": "script",
      "command": ""
    },
    "convocation": "Yalva",
    "level": 3,
    "effectiveMasteryLevel": 0
  },
  "_stats": {
    "systemId": "hm3",
    "systemVersion": "1.4.6",
    "coreVersion": "11.305",
    "createdTime": 1689284402933,
    "modifiedTime": 1689285083843,
    "lastModifiedBy": "gaRXj6PUpj4nuJ7Y"
  },
  "sort": 0,
  "ownership": {
    "default": 0,
    "gaRXj6PUpj4nuJ7Y": 3
  },
  "_key": "!items!mF3mMVHua5lFkfVV"
}
