{
  "_id": "ZXCHBMZjCeYTx3Po",
  "name": "Eyes of Klyss (III)",
  "type": "invocation",
  "img": "systems/hm3/images/icons/png/zelist.png",
  "effects": [],
  "folder": "4u6Psw2rEtLt9ZMS",
  "flags": {
    "core": {}
  },
  "system": {
    "notes": "",
    "description": "<table><tr><td><b>Time:</b> 15−RSI seconds+</td><td><b>Ritual:</b> Chant</td></tr><tr><td><b>Range:</b> RML feet+</td><td><b>Duration:</b> 10 (MS); 30 (CS) mins</td></tr></table><p>Permits the invoker to conjure a black orb about twelve inches in diameter, which hovers where created for Duration. Invoker may order the sphere to move anywhere within Range. The orb contains a pair or glowing red eyes which grant the invoker a telepathic vision of what the eyes can see. Eyes of Klyss can see in the dark at 100% vision, at 50% in torchlight or at dusk, but are blind in daylight. The orb disappears with impact from a blunt weapon or by invokers choice.</p>",
    "source": "",
    "macros": {
      "type": "script",
      "command": ""
    },
    "deity": "Zelist",
    "circle": 3,
    "effectiveMasteryLevel": 0
  },
  "_stats": {
    "systemId": "hm3",
    "systemVersion": "1.4.6",
    "coreVersion": "11.305",
    "createdTime": 1689284281965,
    "modifiedTime": 1689285083843,
    "lastModifiedBy": "gaRXj6PUpj4nuJ7Y"
  },
  "sort": 0,
  "ownership": {
    "default": 0,
    "gaRXj6PUpj4nuJ7Y": 3
  },
  "_key": "!items!ZXCHBMZjCeYTx3Po"
}
