{
  "_id": "KmJdbmC5fuH1HXbq",
  "name": "Eynwif’s Apple (IV)",
  "type": "invocation",
  "img": "systems/hm3/images/icons/png/tyvos.png",
  "effects": [],
  "folder": "gTMPd6VAWFd8nfM2",
  "flags": {
    "core": {}
  },
  "system": {
    "notes": "",
    "description": "<table><tr><td><b>Time:</b> 35−RSI seconds+</td><td><b>Ritual:</b> Prayer/Red Apple</td></tr><tr><td><b>Range:</b> Touch+</td><td><b>Duration:</b> Indefinite</td></tr></table><p>Inspired by the Elkyri who guards Meflygur, the Tree of Life that grows in Talagaad, this invocation blesses any red apple with healing properties. If a patient eats one apple, including its core and stem, all normal healing and infection rolls are +20 (MS) and +50 (CS) until all current injuries and diseases are healed. Green apples do not work, nor will any other fruit.</p>",
    "source": "",
    "macros": {
      "type": "script",
      "command": ""
    },
    "deity": "Tyvos",
    "circle": 4,
    "effectiveMasteryLevel": 0
  },
  "_stats": {
    "systemId": "hm3",
    "systemVersion": "1.4.6",
    "coreVersion": "11.305",
    "createdTime": 1689284299721,
    "modifiedTime": 1689285083843,
    "lastModifiedBy": "gaRXj6PUpj4nuJ7Y"
  },
  "sort": 0,
  "ownership": {
    "default": 0,
    "gaRXj6PUpj4nuJ7Y": 3
  },
  "_key": "!items!KmJdbmC5fuH1HXbq"
}
