{
  "_id": "uC383vxTIEGV49WU",
  "name": "Favrin’s Bar (III)",
  "type": "spell",
  "img": "systems/hm3/images/icons/svg/tree.svg",
  "effects": [],
  "folder": "c3CaJqCvMmvbwM1T",
  "flags": {
    "core": {}
  },
  "system": {
    "notes": "",
    "description": "<p>An enchantment which causes wood to temporarily expand, primarily across its grain. The caster may select an amount of expansion from 1% (small) to 10% (large).  Touch is required. EML is modified by the Age of Wood:</p><p>Age of Wood             EML Modifier</p><p>Living Wood                  0</p><p>Green Wood                  -10</p><p>Seasoned Wood               -20</p><p>The enchantment is most often used to seal or open doors, seal leaky hulls, etc. A small expansion jams a door solidly, and a large one can destroy either the door or its frame. When the wood returns to its normal size, it has usually been weakened.</p><p>&nbsp;</p><h2>Bonus Effects</h2><p>&nbsp;</p><table><tr><td style='width: 4em;'>CML50+</td><td>Touch no longer required.</td></tr></table><p>&nbsp;</p><p>Range is CSI hexes.</p><p>&nbsp;</p><p>Time: 25-CSI seconds</p><p>Range: Touch/CSI hexes at CML50+</p><p>Duration: CSI hours</p>",
    "source": "HM3 Magic",
    "macros": {
      "type": "script",
      "command": ""
    },
    "convocation": "Toraz",
    "level": 3,
    "effectiveMasteryLevel": 0
  },
  "_stats": {
    "systemId": "hm3",
    "systemVersion": "1.4.6",
    "coreVersion": "11.305",
    "createdTime": 1689284358457,
    "modifiedTime": 1689285083843,
    "lastModifiedBy": "gaRXj6PUpj4nuJ7Y"
  },
  "sort": 0,
  "ownership": {
    "default": 0,
    "gaRXj6PUpj4nuJ7Y": 3
  },
  "_key": "!items!uC383vxTIEGV49WU"
}
