{
  "_id": "0rH0n5r1XBcdsbht",
  "name": "Flames of the V’hir (IV)",
  "type": "invocation",
  "img": "systems/hm3/images/icons/png/korön.png",
  "effects": [],
  "folder": "jOppWJPOPMwgDYFG",
  "flags": {
    "core": {}
  },
  "system": {
    "notes": "",
    "description": "<table><tr><td><b>Time:</b> 25−RSI Seconds+</td><td><b>Ritual:</b> Chant</td></tr><tr><td><b>Range:</b> Self+</td><td><b>Duration:</b> 10 (MS); 30 (CS) Rounds</td></tr></table><p>Invoker self-immolates and is enveloped in ethereal flames for a radius of RSI feet. Although the invoker is immune, any victim touching the fire suffers an ethereal burn (shock roll) of 4d6.  The invoker can move with the flames, but visibility is impaired and speed is halved.</p>",
    "source": "",
    "macros": {
      "type": "script",
      "command": ""
    },
    "deity": "Korön",
    "circle": 4,
    "effectiveMasteryLevel": 0
  },
  "_stats": {
    "systemId": "hm3",
    "systemVersion": "1.4.6",
    "coreVersion": "11.305",
    "createdTime": 1689284264856,
    "modifiedTime": 1689285083843,
    "lastModifiedBy": "gaRXj6PUpj4nuJ7Y"
  },
  "sort": 0,
  "ownership": {
    "default": 0,
    "gaRXj6PUpj4nuJ7Y": 3
  },
  "_key": "!items!0rH0n5r1XBcdsbht"
}
