{
  "_id": "XnfQgsyepKjxDrCi",
  "name": "Flame of Gashang (III)",
  "type": "invocation",
  "img": "systems/hm3/images/icons/png/korön.png",
  "effects": [],
  "folder": "jOppWJPOPMwgDYFG",
  "flags": {
    "core": {}
  },
  "system": {
    "notes": "",
    "description": "<table><tr><td><b>Time:</b> 15−RSI Seconds+</td><td><b>Ritual:</b> Chant</td></tr><tr><td><b>Range:</b> Touch Mace+</td><td><b>Duration:</b> 1 (MS); 3 (CS) strikes</td></tr></table><p>Causes the head of a mace to burst into flame. In addition to normal impact, the mace causes mundane fire impact of 3d6.  The mace also functions as a torch and can be used to ignite flammable objects.  CF: Weapon damage check.</p>",
    "source": "",
    "macros": {
      "type": "script",
      "command": ""
    },
    "deity": "Korön",
    "circle": 3,
    "effectiveMasteryLevel": 0
  },
  "_stats": {
    "systemId": "hm3",
    "systemVersion": "1.4.6",
    "coreVersion": "11.305",
    "createdTime": 1689284264856,
    "modifiedTime": 1689285083843,
    "lastModifiedBy": "gaRXj6PUpj4nuJ7Y"
  },
  "sort": 0,
  "ownership": {
    "default": 0,
    "gaRXj6PUpj4nuJ7Y": 3
  },
  "_key": "!items!XnfQgsyepKjxDrCi"
}
