{
  "_id": "c79AOdlJySOw1QcU",
  "name": "Gekrish’s Song (II)",
  "type": "invocation",
  "img": "systems/hm3/images/icons/png/naventhul.png",
  "effects": [],
  "folder": "J8M3FXoJSUHr5EYi",
  "flags": {
    "core": {}
  },
  "system": {
    "notes": "",
    "description": "<table><tr><td><b>Time:</b> 15−RSI secs+</td><td><b>Ritual:</b> Chant (loud)</td></tr><tr><td><b>Range:</b> RSI Hexes+</td><td><b>Duration:</b> Instantaneous</td></tr></table><p>Causes an immediate WIL×4 (MS) or WIL×3 (CS) check on all within Range, those who fail must flee to safety the fastest way they know.</p>",
    "source": "",
    "macros": {
      "type": "script",
      "command": ""
    },
    "deity": "Naventhül",
    "circle": 2,
    "effectiveMasteryLevel": 0
  },
  "_stats": {
    "systemId": "hm3",
    "systemVersion": "1.4.6",
    "coreVersion": "11.305",
    "createdTime": 1689284286859,
    "modifiedTime": 1689285083843,
    "lastModifiedBy": "gaRXj6PUpj4nuJ7Y"
  },
  "sort": 0,
  "ownership": {
    "default": 0,
    "gaRXj6PUpj4nuJ7Y": 3
  },
  "_key": "!items!c79AOdlJySOw1QcU"
}
