{
  "_id": "JQSuwf0ATY3EXQv1",
  "name": "Gekrish’s Guiding Hand (IV)",
  "type": "invocation",
  "img": "systems/hm3/images/icons/png/naventhul.png",
  "effects": [],
  "folder": "J8M3FXoJSUHr5EYi",
  "flags": {
    "core": {}
  },
  "system": {
    "notes": "",
    "description": "<table><tr><td><b>Time:</b> 15−RSI secs+</td><td><b>Ritual:</b> Spoken Prayer</td></tr><tr><td><b>Range:</b> RSI Miles+</td><td><b>Duration:</b> Instant</td></tr></table><p>Cleric is informed of the precise location (at that instant) of one chosen person within Range.</p>",
    "source": "",
    "macros": {
      "type": "script",
      "command": ""
    },
    "deity": "Naventhül",
    "circle": 4,
    "effectiveMasteryLevel": 0
  },
  "_stats": {
    "systemId": "hm3",
    "systemVersion": "1.4.6",
    "coreVersion": "11.305",
    "createdTime": 1689284286859,
    "modifiedTime": 1689285083843,
    "lastModifiedBy": "gaRXj6PUpj4nuJ7Y"
  },
  "sort": 0,
  "ownership": {
    "default": 0,
    "gaRXj6PUpj4nuJ7Y": 3
  },
  "_key": "!items!JQSuwf0ATY3EXQv1"
}
