{
  "_id": "gQQiAuonQTdqSCGO",
  "name": "Healing of Gorlan (IV)",
  "type": "invocation",
  "img": "systems/hm3/images/icons/png/alea.png",
  "effects": [],
  "folder": "vgrw7aVTemgPWZxh",
  "flags": {
    "core": {}
  },
  "system": {
    "notes": "",
    "description": "<table><tr><td><b>Time:</b> 15−RSI minutes+</td><td><b>Ritual:</b> Prayer</td></tr><tr><td><b>Range:</b> Touch+</td><td><b>Duration:</b> Permanent</td></tr></table><p>Regenerates within RSI−15 hours one eye, ear, hand, etc.  Regeneration of a leg or major organ takes at least twice as long and requires twice as long to invoke.</p>",
    "source": "",
    "macros": {
      "type": "script",
      "command": ""
    },
    "deity": "Alea",
    "circle": 4,
    "effectiveMasteryLevel": 0
  },
  "_stats": {
    "systemId": "hm3",
    "systemVersion": "1.4.6",
    "coreVersion": "11.305",
    "createdTime": 1689284294673,
    "modifiedTime": 1689285083843,
    "lastModifiedBy": "gaRXj6PUpj4nuJ7Y"
  },
  "sort": 0,
  "ownership": {
    "default": 0,
    "gaRXj6PUpj4nuJ7Y": 3
  },
  "_key": "!items!gQQiAuonQTdqSCGO"
}
