{
  "_id": "Pnw7Q9QSrEO0Obi6",
  "name": "Ibenis’ Withering (IV)",
  "type": "invocation",
  "img": "systems/hm3/images/icons/png/kalos.png",
  "effects": [],
  "folder": "olFsheWfuwIH41Tk",
  "flags": {
    "core": {}
  },
  "system": {
    "notes": "",
    "description": "<table><tr><td><b>Time:</b> 35−RSI seconds+</td><td><b>Ritual:</b> Prayer</td></tr><tr><td><b>Range:</b> Self/Touch+</td><td><b>Duration:</b> 24 hours</td></tr></table><p>Causes the subject to age rapidly. The invocation is used to effect a convincing disguise, or to inflict the perils of aging on anyone. The subject ages one year per hour for Duration, and then grows younger at the same rate until normal age is reached. Any subject (even the cleric) reaching 50 years of age, must roll on the Aging Table (Character 22) each “year.”</p>",
    "source": "",
    "macros": {
      "type": "script",
      "command": ""
    },
    "deity": "Kalos",
    "circle": 4,
    "effectiveMasteryLevel": 0
  },
  "_stats": {
    "systemId": "hm3",
    "systemVersion": "1.4.6",
    "coreVersion": "11.305",
    "createdTime": 1689284270245,
    "modifiedTime": 1689285083843,
    "lastModifiedBy": "gaRXj6PUpj4nuJ7Y"
  },
  "sort": 0,
  "ownership": {
    "default": 0,
    "gaRXj6PUpj4nuJ7Y": 3
  },
  "_key": "!items!Pnw7Q9QSrEO0Obi6"
}
