{
  "_id": "OYm9Au8X5PrxuUB1",
  "name": "Ilsiri Dance (III)",
  "type": "invocation",
  "img": "systems/hm3/images/icons/png/arial.png",
  "effects": [],
  "folder": "vEue0eMD5ey8uFXc",
  "flags": {
    "core": {}
  },
  "system": {
    "notes": "",
    "description": "<table><tr><td><b>Time:</b> 25−RSI seconds+</td><td><b>Ritual:</b> Chant</td></tr><tr><td><b>Range:</b> RSI miles+</td><td><b>Duration:</b> 1 (MS); 3 (CS) hours</td></tr></table><p>Calls an Ilsiri within Range. The animal may resist with a WIL ×3 check, unless its True Name is used in the invocation. Ilsiri are sometimes mischievous; sometimes helpful.</p>",
    "source": "",
    "macros": {
      "type": "script",
      "command": ""
    },
    "deity": "Arial",
    "circle": 3,
    "effectiveMasteryLevel": 0
  },
  "_stats": {
    "systemId": "hm3",
    "systemVersion": "1.4.6",
    "coreVersion": "11.305",
    "createdTime": 1689284313055,
    "modifiedTime": 1689285083843,
    "lastModifiedBy": "gaRXj6PUpj4nuJ7Y"
  },
  "sort": 0,
  "ownership": {
    "default": 0,
    "gaRXj6PUpj4nuJ7Y": 3
  },
  "_key": "!items!OYm9Au8X5PrxuUB1"
}
