{
  "_id": "RwJmzzQbCpHnXQuU",
  "name": "Kalos’s Child (V)",
  "type": "invocation",
  "img": "systems/hm3/images/icons/png/kalos.png",
  "effects": [],
  "folder": "olFsheWfuwIH41Tk",
  "flags": {
    "core": {}
  },
  "system": {
    "notes": "",
    "description": "<table><tr><td><b>Time:</b> 15−RSI seconds+</td><td><b>Ritual:</b> Silent Prayer</td></tr><tr><td><b>Range:</b> Self/Touch+</td><td><b>Duration:</b> RSI hours</td></tr></table><p>Transforms subject into an Ivashu for Duration.</p><p>CS: The cleric may decide which type of Ivashu is involved.</p><p>MS: The Ivashu is chosen randomly or by the GM.</p><p>CF: The subject transforms to a different type of Ivashu every hour for Duration.</p>",
    "source": "",
    "macros": {
      "type": "script",
      "command": ""
    },
    "deity": "Kalos",
    "circle": 5,
    "effectiveMasteryLevel": 0
  },
  "_stats": {
    "systemId": "hm3",
    "systemVersion": "1.4.6",
    "coreVersion": "11.305",
    "createdTime": 1689284270245,
    "modifiedTime": 1689285083843,
    "lastModifiedBy": "gaRXj6PUpj4nuJ7Y"
  },
  "sort": 0,
  "ownership": {
    "default": 0,
    "gaRXj6PUpj4nuJ7Y": 3
  },
  "_key": "!items!RwJmzzQbCpHnXQuU"
}
