{
  "_id": "4pDDeeo3emDnSQir",
  "name": "Intimidation (IV)",
  "type": "invocation",
  "img": "systems/hm3/images/icons/png/korön.png",
  "effects": [],
  "folder": "jOppWJPOPMwgDYFG",
  "flags": {
    "core": {}
  },
  "system": {
    "notes": "",
    "description": "<table><tr><td><b>Time:</b> 25−RSI Seconds+</td><td><b>Ritual:</b> Chant</td></tr><tr><td><b>Range:</b> RSI hexes+</td><td><b>Duration:</b> 1 (MS); 3 (CS) minutes</td></tr></table><p>Causes the invoker to appear powerful, and increases his Oratory and Rhetoric skills: +10 (MS) +30 (CS) for Duration.  In combat situations, enemy troops in Range have a penalty to to initiative: −10 (MS); −30 (CS).</p>",
    "source": "",
    "macros": {
      "type": "script",
      "command": ""
    },
    "deity": "Korön",
    "circle": 4,
    "effectiveMasteryLevel": 0
  },
  "_stats": {
    "systemId": "hm3",
    "systemVersion": "1.4.6",
    "coreVersion": "11.305",
    "createdTime": 1689284264856,
    "modifiedTime": 1689285083843,
    "lastModifiedBy": "gaRXj6PUpj4nuJ7Y"
  },
  "sort": 0,
  "ownership": {
    "default": 0,
    "gaRXj6PUpj4nuJ7Y": 3
  },
  "_key": "!items!4pDDeeo3emDnSQir"
}
