{
  "_id": "cVkBQVrkAg0yiEks",
  "name": "Ivashu Song (III)",
  "type": "invocation",
  "img": "systems/hm3/images/icons/png/kalos.png",
  "effects": [],
  "folder": "olFsheWfuwIH41Tk",
  "flags": {
    "core": {}
  },
  "system": {
    "notes": "",
    "description": "<table><tr><td><b>Time:</b> 35−RSI seconds+</td><td><b>Ritual:</b> Song</td></tr><tr><td><b>Range:</b> RSI miles+</td><td><b>Duration:</b> N/A</td></tr></table><p>A high-pitched, unearthly song that can be heard by all Ivashu within Range who will respond by moving to the singer. Unless CF is rolled, the Ivashu will be friendly towards Kalosans, but hostile to all others. 1d6 random Ivashu appear. Species can be generated on Encounter Subtable 15, Campaign 14.</p>",
    "source": "",
    "macros": {
      "type": "script",
      "command": ""
    },
    "deity": "Kalos",
    "circle": 3,
    "effectiveMasteryLevel": 0
  },
  "_stats": {
    "systemId": "hm3",
    "systemVersion": "1.4.6",
    "coreVersion": "11.305",
    "createdTime": 1689284270245,
    "modifiedTime": 1689285083843,
    "lastModifiedBy": "gaRXj6PUpj4nuJ7Y"
  },
  "sort": 0,
  "ownership": {
    "default": 0,
    "gaRXj6PUpj4nuJ7Y": 3
  },
  "_key": "!items!cVkBQVrkAg0yiEks"
}
