{
  "_id": "lUfIpyuCFLAg8xvu",
  "name": "Krasula’s Pillow (III)",
  "type": "invocation",
  "img": "systems/hm3/images/icons/png/naventhul.png",
  "effects": [],
  "folder": "J8M3FXoJSUHr5EYi",
  "flags": {
    "core": {}
  },
  "system": {
    "notes": "",
    "description": "<table><tr><td><b>Time:</b> 15−RSI mins+</td><td><b>Ritual:</b> Song</td></tr><tr><td><b>Range:</b> Touch object+</td><td><b>Duration:</b> 1 (MS); 3 (CS) nights.</td></tr></table><p>Instills a tiny portion of Krasula’s essence into an object, traditionally a pillow. One who sleeps touching the object experiences terrible nightmares, usually views of Kamil. On CS, priest can describe the nightmare.</p>",
    "source": "",
    "macros": {
      "type": "script",
      "command": ""
    },
    "deity": "Naventhül",
    "circle": 3,
    "effectiveMasteryLevel": 0
  },
  "_stats": {
    "systemId": "hm3",
    "systemVersion": "1.4.6",
    "coreVersion": "11.305",
    "createdTime": 1689284286859,
    "modifiedTime": 1689285083843,
    "lastModifiedBy": "gaRXj6PUpj4nuJ7Y"
  },
  "sort": 0,
  "ownership": {
    "default": 0,
    "gaRXj6PUpj4nuJ7Y": 3
  },
  "_key": "!items!lUfIpyuCFLAg8xvu"
}
