{
  "_id": "uR6I9ND7BHFCVTQ6",
  "name": "Cael’s Charge (V)",
  "type": "invocation",
  "img": "systems/hm3/images/icons/png/cael.png",
  "effects": [],
  "folder": "cKpd7e8LEPwE5H2E",
  "flags": {
    "core": {}
  },
  "system": {
    "notes": "",
    "description": "<table><tr><td><b>Time:</b> 25−RSI seconds+</td><td><b>Ritual:</b> Prayer</td></tr><tr><td><b>Range:</b> RML yards+</td><td><b>Duration:</b> Next Mounted Charge</td></tr></table><p>All Caelans within Range have a +2 impact with a lance or spear for their next mounted charge.</p>",
    "source": "",
    "macros": {
      "type": "script",
      "command": ""
    },
    "deity": "Cael",
    "circle": 5,
    "effectiveMasteryLevel": 0
  },
  "_stats": {
    "systemId": "hm3",
    "systemVersion": "1.4.6",
    "coreVersion": "11.305",
    "createdTime": 1689284275736,
    "modifiedTime": 1689285083843,
    "lastModifiedBy": "gaRXj6PUpj4nuJ7Y"
  },
  "sort": 0,
  "ownership": {
    "default": 0,
    "gaRXj6PUpj4nuJ7Y": 3
  },
  "_key": "!items!uR6I9ND7BHFCVTQ6"
}
