{
  "_id": "gSn7dmiuUxrwSiTx",
  "name": "Light of Uhla (II)",
  "type": "invocation",
  "img": "systems/hm3/images/icons/png/shala.png",
  "effects": [],
  "folder": "Q1GdIqZAQz4oVhEd",
  "flags": {
    "core": {}
  },
  "system": {
    "notes": "",
    "description": "<table><tr><td><b>Time:</b> 15−RSI seconds+</td><td><b>Ritual:</b> Chant</td></tr><tr><td><b>Range:</b> Self+</td><td><b>Duration:</b> 10 (MS); 30 (CS) mins.</td></tr></table><p>Cleric can see in the dark as well as by lamplight. May reveal, hidden objects at GM discretion.</p>",
    "source": "",
    "macros": {
      "type": "script",
      "command": ""
    },
    "deity": "Shala",
    "circle": 2,
    "effectiveMasteryLevel": 0
  },
  "_stats": {
    "systemId": "hm3",
    "systemVersion": "1.4.6",
    "coreVersion": "11.305",
    "createdTime": 1689284305234,
    "modifiedTime": 1689285083843,
    "lastModifiedBy": "gaRXj6PUpj4nuJ7Y"
  },
  "sort": 0,
  "ownership": {
    "default": 0,
    "gaRXj6PUpj4nuJ7Y": 3
  },
  "_key": "!items!gSn7dmiuUxrwSiTx"
}
