{
  "_id": "zQIsKBMqPvrL6HyV",
  "name": "Light of Dolithor (II)",
  "type": "invocation",
  "img": "systems/hm3/images/icons/png/cael.png",
  "effects": [],
  "folder": "cKpd7e8LEPwE5H2E",
  "flags": {
    "core": {}
  },
  "system": {
    "notes": "",
    "description": "<table><tr><td><b>Time:</b> 15−RSI seconds+</td><td><b>Ritual:</b> Prayer</td></tr><tr><td><b>Range:</b> RSI hexes+</td><td><b>Duration:</b> 10 (MS); 30 (CS) minutes</td></tr></table><p>Increases or decreases (cleric choice) the light in a spherical zone (radius RSI hexes) centered on the cleric. RML is halved if the invocation is attempted outdoors. Those within the sphere suffer a −10 special penalty for one minute on all skills requiring sight. The cleric is affected by the change.  CF: has the opposite effect to that intended.</p>",
    "source": "",
    "macros": {
      "type": "script",
      "command": ""
    },
    "deity": "Cael",
    "circle": 2,
    "effectiveMasteryLevel": 0
  },
  "_stats": {
    "systemId": "hm3",
    "systemVersion": "1.4.6",
    "coreVersion": "11.305",
    "createdTime": 1689284275736,
    "modifiedTime": 1689285083843,
    "lastModifiedBy": "gaRXj6PUpj4nuJ7Y"
  },
  "sort": 0,
  "ownership": {
    "default": 0,
    "gaRXj6PUpj4nuJ7Y": 3
  },
  "_key": "!items!zQIsKBMqPvrL6HyV"
}
