{
  "_id": "cWYGVzFp29blmPOX",
  "name": "Liturgy (II)",
  "type": "invocation",
  "img": "systems/hm3/images/icons/png/tyvos.png",
  "effects": [],
  "folder": "gTMPd6VAWFd8nfM2",
  "flags": {
    "core": {}
  },
  "system": {
    "notes": "",
    "description": "<table><tr><td><b>Time:</b> 15−RSI seconds+</td><td><b>Ritual:</b> Prayer</td></tr><tr><td><b>Range:</b> Touch+</td><td><b>Duration:</b> One use</td></tr></table><p>An invocation to allow adherents of the same deity to voluntarily transfer piety to the invoker. The intent is to give the cleric more piety for any desired use. All donors of piety must touch the invoker.</p><table><tr><td style='width: 3em;'>CS</td><td>Receive up to 20pp from each donor.</td></tr><tr><td style='width: 3em;'>MS</td><td>Receive up to 10pp from each donor.</td></tr></table>",
    "source": "",
    "macros": {
      "type": "script",
      "command": ""
    },
    "deity": "Tyvos",
    "circle": 2,
    "effectiveMasteryLevel": 0
  },
  "_stats": {
    "systemId": "hm3",
    "systemVersion": "1.4.6",
    "coreVersion": "11.305",
    "createdTime": 1689284299721,
    "modifiedTime": 1689285083843,
    "lastModifiedBy": "gaRXj6PUpj4nuJ7Y"
  },
  "sort": 0,
  "ownership": {
    "default": 0,
    "gaRXj6PUpj4nuJ7Y": 3
  },
  "_key": "!items!cWYGVzFp29blmPOX"
}
