{
  "_id": "ZOKCK8WhqftEZkto",
  "name": "Lord of Fire (IV)",
  "type": "invocation",
  "img": "systems/hm3/images/icons/png/korön.png",
  "effects": [],
  "folder": "jOppWJPOPMwgDYFG",
  "flags": {
    "core": {}
  },
  "system": {
    "notes": "",
    "description": "<table><tr><td><b>Time:</b> 25−RSI Seconds+</td><td><b>Ritual:</b> Chant</td></tr><tr><td><b>Range:</b> RSI hexes+</td><td><b>Duration:</b> 1 (MS); 3 (CS) minutes</td></tr></table><p>Invoker can control the direction and intensity of any ethereal or mundane fire within RSI hexes.</p><p>&nbsp;</p><p>CF: Invoker is injured by the fire, suffering a 4d6 shock roll for ethereal fire, or 4d6 mundane fire damage to 1d6 randomly generated body parts.</p><p>&nbsp;</p>",
    "source": "",
    "macros": {
      "type": "script",
      "command": ""
    },
    "deity": "Korön",
    "circle": 4,
    "effectiveMasteryLevel": 0
  },
  "_stats": {
    "systemId": "hm3",
    "systemVersion": "1.4.6",
    "coreVersion": "11.305",
    "createdTime": 1689284264856,
    "modifiedTime": 1689285083843,
    "lastModifiedBy": "gaRXj6PUpj4nuJ7Y"
  },
  "sort": 0,
  "ownership": {
    "default": 0,
    "gaRXj6PUpj4nuJ7Y": 3
  },
  "_key": "!items!ZOKCK8WhqftEZkto"
}
