{
  "_id": "b31L3hO6pJdRnUiF",
  "name": "Maermal’s Strength (III)",
  "type": "invocation",
  "img": "systems/hm3/images/icons/png/alea.png",
  "effects": [],
  "folder": "vgrw7aVTemgPWZxh",
  "flags": {
    "core": {}
  },
  "system": {
    "notes": "",
    "description": "<table><tr><td><b>Time:</b> 15−RSI seconds+</td><td><b>Ritual:</b> Prayer</td></tr><tr><td><b>Range:</b> Self/Touch+</td><td><b>Duration:</b> RSI hours</td></tr></table><p>Increases subject’s Strength by 2 (MS) or 5 (CS) for Duration. If subject harms someone, Strength is decreased (below normal) by the same amount.</p>",
    "source": "",
    "macros": {
      "type": "script",
      "command": ""
    },
    "deity": "Alea",
    "circle": 3,
    "effectiveMasteryLevel": 0
  },
  "_stats": {
    "systemId": "hm3",
    "systemVersion": "1.4.6",
    "coreVersion": "11.305",
    "createdTime": 1689284294673,
    "modifiedTime": 1689285083843,
    "lastModifiedBy": "gaRXj6PUpj4nuJ7Y"
  },
  "sort": 0,
  "ownership": {
    "default": 0,
    "gaRXj6PUpj4nuJ7Y": 3
  },
  "_key": "!items!b31L3hO6pJdRnUiF"
}
