{
  "_id": "NLmCvyGUt9xepUsU",
  "name": "Njehu’s Wind (V)",
  "type": "invocation",
  "img": "systems/hm3/images/icons/png/tyvos.png",
  "effects": [],
  "folder": "gTMPd6VAWFd8nfM2",
  "flags": {
    "core": {}
  },
  "system": {
    "notes": "",
    "description": "<table><tr><td><b>Time:</b> 15−RSI seconds+</td><td><b>Ritual:</b> Chant</td></tr><tr><td><b>Range:</b> RSI ships+</td><td><b>Duration:</b> 4 (MS); 12 (CS) hours</td></tr></table><p>Fills the sails of RSI longships, warboats, or other vessels with sufficient wind to power the vessels at their maximum speed for Duration. When calm, the wind can blow from any direction, otherwise it blows in its present direction. The wind is chilled and air temperature drops to freezing.</p>",
    "source": "",
    "macros": {
      "type": "script",
      "command": ""
    },
    "deity": "Tyvos",
    "circle": 5,
    "effectiveMasteryLevel": 0
  },
  "_stats": {
    "systemId": "hm3",
    "systemVersion": "1.4.6",
    "coreVersion": "11.305",
    "createdTime": 1689284299721,
    "modifiedTime": 1689285083843,
    "lastModifiedBy": "gaRXj6PUpj4nuJ7Y"
  },
  "sort": 0,
  "ownership": {
    "default": 0,
    "gaRXj6PUpj4nuJ7Y": 3
  },
  "_key": "!items!NLmCvyGUt9xepUsU"
}
