{
  "_id": "tbQYs1kZnhEmNNMl",
  "name": "Njehu’s Dive (IV)",
  "type": "invocation",
  "img": "systems/hm3/images/icons/png/tyvos.png",
  "effects": [],
  "folder": "gTMPd6VAWFd8nfM2",
  "flags": {
    "core": {}
  },
  "system": {
    "notes": "",
    "description": "<table><tr><td><b>Time:</b> 15−RSI seconds+</td><td><b>Ritual:</b> Silent Prayer</td></tr><tr><td><b>Range:</b> Self/Touch+</td><td><b>Duration:</b> 10 (MS); 30 (CS) mins.</td></tr></table><p>Subject can swim without Fatigue for Duration, and to stay underwater without breathing for up to RSI minutes.</p>",
    "source": "",
    "macros": {
      "type": "script",
      "command": ""
    },
    "deity": "Tyvos",
    "circle": 4,
    "effectiveMasteryLevel": 0
  },
  "_stats": {
    "systemId": "hm3",
    "systemVersion": "1.4.6",
    "coreVersion": "11.305",
    "createdTime": 1689284299721,
    "modifiedTime": 1689285083843,
    "lastModifiedBy": "gaRXj6PUpj4nuJ7Y"
  },
  "sort": 0,
  "ownership": {
    "default": 0,
    "gaRXj6PUpj4nuJ7Y": 3
  },
  "_key": "!items!tbQYs1kZnhEmNNMl"
}
