{
  "_id": "B5tPoD4T9wclIRvY",
  "name": "Oathbinder (IV)",
  "type": "invocation",
  "img": "systems/hm3/images/icons/png/cael.png",
  "effects": [],
  "folder": "cKpd7e8LEPwE5H2E",
  "flags": {
    "core": {}
  },
  "system": {
    "notes": "",
    "description": "<table><tr><td><b>Time:</b> 15−RSI seconds+</td><td><b>Ritual:</b> Prayer</td></tr><tr><td><b>Range:</b> Touch Weapon+</td><td><b>Duration:</b> Indefinite</td></tr></table><p>Causes any sword to assume some of the attributes of Cael’s sword Avarkiel. Bearer of the sword, provided he is a Caelan, will find his Sword EML is +10. A non-Caelan will find the sword unbalanced, drawing a penalty of −20 to Sword EML.</p>",
    "source": "",
    "macros": {
      "type": "script",
      "command": ""
    },
    "deity": "Cael",
    "circle": 4,
    "effectiveMasteryLevel": 0
  },
  "_stats": {
    "systemId": "hm3",
    "systemVersion": "1.4.6",
    "coreVersion": "11.305",
    "createdTime": 1689284275736,
    "modifiedTime": 1689285083843,
    "lastModifiedBy": "gaRXj6PUpj4nuJ7Y"
  },
  "sort": 0,
  "ownership": {
    "default": 0,
    "gaRXj6PUpj4nuJ7Y": 3
  },
  "_key": "!items!B5tPoD4T9wclIRvY"
}
