{
  "_id": "g6tlmLKaThhdxakq",
  "name": "Alea’s Aid (IV)",
  "type": "invocation",
  "img": "systems/hm3/images/icons/png/alea.png",
  "effects": [],
  "folder": "vgrw7aVTemgPWZxh",
  "flags": {
    "core": {}
  },
  "system": {
    "notes": "",
    "description": "<table><tr><td><b>Time:</b> 15−RSI seconds+</td><td><b>Ritual:</b> Chant</td></tr><tr><td><b>Range:</b> Self/Touch+</td><td><b>Duration:</b> One Use</td></tr></table><p>CS: Heals the designated wound completely in one day.</p><p>MS: Stops bloodloss and heals one (1) injury level from any designated wound touched by the invoker.</p><p>CF: Causes the designated wound to become infected.</p>",
    "source": "",
    "macros": {
      "type": "script",
      "command": ""
    },
    "deity": "Alea",
    "circle": 4,
    "effectiveMasteryLevel": 0
  },
  "_stats": {
    "systemId": "hm3",
    "systemVersion": "1.4.6",
    "coreVersion": "11.305",
    "createdTime": 1689284294673,
    "modifiedTime": 1689285083843,
    "lastModifiedBy": "gaRXj6PUpj4nuJ7Y"
  },
  "sort": 0,
  "ownership": {
    "default": 0,
    "gaRXj6PUpj4nuJ7Y": 3
  },
  "_key": "!items!g6tlmLKaThhdxakq"
}
