{
  "_id": "vwU0iozDt7TFLfcX",
  "name": "Prayer to Elkyri (II)",
  "type": "invocation",
  "img": "systems/hm3/images/icons/png/tyvos.png",
  "effects": [],
  "folder": "gTMPd6VAWFd8nfM2",
  "flags": {
    "core": {}
  },
  "system": {
    "notes": "",
    "description": "<table><tr><td><b>Time:</b> 25−RSI seconds+</td><td><b>Ritual:</b> Chant, Song, Prayer</td></tr><tr><td><b>Range:</b> Self+</td><td><b>Duration:</b> One Skill Use</td></tr></table><p>A prayer to one specific Elkyri, identified in advance by the invoker, for assistance to perform a task. The task should be one in which the Elkyri has some interest.</p><p>MS: Elkyri hears and grants a +20 bonus to a related skill.</p><p>CS: Elkyri hears and grants a +50 bonus to a related skill.</p><p>CF: Elkyri is bothered, upset, or annoyed by the call. Request denied and retribution may (50% chance) be involved.</p>",
    "source": "",
    "macros": {
      "type": "script",
      "command": ""
    },
    "deity": "Tyvos",
    "circle": 2,
    "effectiveMasteryLevel": 0
  },
  "_stats": {
    "systemId": "hm3",
    "systemVersion": "1.4.6",
    "coreVersion": "11.305",
    "createdTime": 1689284299721,
    "modifiedTime": 1689285083843,
    "lastModifiedBy": "gaRXj6PUpj4nuJ7Y"
  },
  "sort": 0,
  "ownership": {
    "default": 0,
    "gaRXj6PUpj4nuJ7Y": 3
  },
  "_key": "!items!vwU0iozDt7TFLfcX"
}
