{
  "_id": "yViLNUe3IxKlfA7q",
  "name": "Psychometry (F3)",
  "type": "psionic",
  "img": "systems/hm3/images/icons/svg/psionics.svg",
  "effects": [],
  "folder": "tDpiTQntA3rYW1PE",
  "flags": {
    "core": {}
  },
  "system": {
    "notes": "15-SI Mins",
    "description": "<p>The ability to divine information about persons by touching an object with which they have been in contact. Psychometry requires the invoker to hold the object and enter a trance for (15 &ndash; SI) minutes.</p><p>Psychometry is most often used to divine the age or history of an object, the identity of the object&rsquo;s maker or owners, magical/divine powers, etc. Another use is to determine a person&rsquo;s location: MS will answer any reasonable yes/no question; CS gives bonus information.</p><p>Psychometry can never be used to divine the future. It works best when queries concern the present or recent past. EML should be reduced for inquiries in the distant past, or if knowledge of the object is magically or divinely hidden.</p><p>Psionic Episodes: Feelings of Jamais vu in connection with various objects are common.</p><p>Misfire (CF): False or random information is given to the invoker, or an object held crumbles to dust.</p>\n\n\n",
    "source": "",
    "macros": {
      "type": "script",
      "command": ""
    },
    "skillBase": {
      "value": 0,
      "formula": "@aur,@aur,@wil,Zhone, Yong,Dorma, Shuchi",
      "isFormulaValid": true
    },
    "masteryLevel": 0,
    "effectiveMasteryLevel": 0,
    "improveFlag": false,
    "fatigue": 3,
    "ritual": {
      "piety": 0
    }
  },
  "_stats": {
    "systemId": "hm3",
    "systemVersion": "1.4.6",
    "coreVersion": "11.305",
    "createdTime": 1689284256178,
    "modifiedTime": 1689285083843,
    "lastModifiedBy": "gaRXj6PUpj4nuJ7Y"
  },
  "sort": 0,
  "ownership": {
    "default": 0,
    "gaRXj6PUpj4nuJ7Y": 3
  },
  "_key": "!items!yViLNUe3IxKlfA7q"
}
