{
  "_id": "HJ9fk3XgSS2ox8YW",
  "name": "Serpent of the Claw (IV)",
  "type": "invocation",
  "img": "systems/hm3/images/icons/png/kalos.png",
  "effects": [],
  "folder": "olFsheWfuwIH41Tk",
  "flags": {
    "core": {}
  },
  "system": {
    "notes": "",
    "description": "<table><tr><td><b>Time:</b> 15−RSI seconds+</td><td><b>Ritual:</b> Silent Prayer</td></tr><tr><td><b>Range:</b> Self/Touch+</td><td><b>Duration:</b> RSI mins.</td></tr></table><p>Transforms a staff into a brown and yellow striped serpent for Duration. The serpent is normally held and used like a staff in combat, but its impact is a poisonous bite. The serpent can also be dropped to do this work alone. Venom has a Healing Rate of H3 (MS) or H1 (CS); 1 minute between rolls. With CF, the invoker suffers a H3 bite.</p>",
    "source": "",
    "macros": {
      "type": "script",
      "command": ""
    },
    "deity": "Kalos",
    "circle": 4,
    "effectiveMasteryLevel": 0
  },
  "_stats": {
    "systemId": "hm3",
    "systemVersion": "1.4.6",
    "coreVersion": "11.305",
    "createdTime": 1689284270245,
    "modifiedTime": 1689285083843,
    "lastModifiedBy": "gaRXj6PUpj4nuJ7Y"
  },
  "sort": 0,
  "ownership": {
    "default": 0,
    "gaRXj6PUpj4nuJ7Y": 3
  },
  "_key": "!items!HJ9fk3XgSS2ox8YW"
}
