{
  "_id": "t8HIMDk0ryAoAPtk",
  "name": "Shadow of Yanar (II)",
  "type": "spell",
  "img": "systems/hm3/images/icons/svg/water.svg",
  "effects": [],
  "folder": "gtGO9IFu3Gtp6l3r",
  "flags": {
    "core": {}
  },
  "system": {
    "notes": "",
    "description": "<p>A spell to create a sphere of darkness centered on the caster’s head or focus. The darkness is mobile and will move with the caster.</p><p>The spell creates total darkness only where there is already poor illumination. In full daylight, the spell only creates a slight gloom. The intensity increases with CS.</p><p>The radius of the sphere is CSI hexes. The caster is able to see perfectly in the darkness. This spell can be used to neutralize an equivalent light-producing spell.</p><p>&nbsp;</p><h2>Bonus Effects</h2><table><tr><td style='width: 4em;'>CML60+</td><td>The sphere may be fixed in space, allowing the caster to move outside its radius.</td></tr><tr><td style='width: 4em;'>CML80+</td><td>The sphere may be rooted on a subject within CSI hexes. The subject is affected by the darkness/gloom.</td></tr></table><p>&nbsp;</p><p>Time: 35-CSI seconds</p><p>Range: Self/CSI hexes at CML80+</p><p>Duration: CSI minutes</p>",
    "source": "HM3 Magic",
    "macros": {
      "type": "script",
      "command": ""
    },
    "convocation": "Odivishe",
    "level": 2,
    "effectiveMasteryLevel": 0
  },
  "_stats": {
    "systemId": "hm3",
    "systemVersion": "1.4.6",
    "coreVersion": "11.305",
    "createdTime": 1689284398122,
    "modifiedTime": 1689285083843,
    "lastModifiedBy": "gaRXj6PUpj4nuJ7Y"
  },
  "sort": 0,
  "ownership": {
    "default": 0,
    "gaRXj6PUpj4nuJ7Y": 3
  },
  "_key": "!items!t8HIMDk0ryAoAPtk"
}
