{
  "_id": "ozrBHRqmFK0J1bCi",
  "name": "Arial’s Blessing (III)",
  "type": "invocation",
  "img": "systems/hm3/images/icons/png/arial.png",
  "effects": [],
  "folder": "vEue0eMD5ey8uFXc",
  "flags": {
    "core": {}
  },
  "system": {
    "notes": "",
    "description": "<table><tr><td><b>Time:</b> 15−RSI seconds+</td><td><b>Ritual:</b> Chant</td></tr><tr><td><b>Range:</b> Self/Touch+</td><td><b>Duration:</b> 10 (MS); 30 (CS) minutes</td></tr></table><p>Gives +2 (MS) or +5 (CS) to one of STR, EYE, SML for Duration. Any dependent skills are +10 (MS) or +25 (CS) for each attribute used in a Skill Base.</p>",
    "source": "",
    "macros": {
      "type": "script",
      "command": ""
    },
    "deity": "Arial",
    "circle": 3,
    "effectiveMasteryLevel": 0
  },
  "_stats": {
    "systemId": "hm3",
    "systemVersion": "1.4.6",
    "coreVersion": "11.305",
    "createdTime": 1689284313055,
    "modifiedTime": 1689285083843,
    "lastModifiedBy": "gaRXj6PUpj4nuJ7Y"
  },
  "sort": 0,
  "ownership": {
    "default": 0,
    "gaRXj6PUpj4nuJ7Y": 3
  },
  "_key": "!items!ozrBHRqmFK0J1bCi"
}
