{
  "_id": "EbkQGU4hAnZ3SeYb",
  "name": "Silence of Uhla (III)",
  "type": "invocation",
  "img": "systems/hm3/images/icons/png/shala.png",
  "effects": [],
  "folder": "Q1GdIqZAQz4oVhEd",
  "flags": {
    "core": {}
  },
  "system": {
    "notes": "",
    "description": "<table><tr><td><b>Time:</b> 15−RSI seconds+</td><td><b>Ritual:</b> Chant</td></tr><tr><td><b>Range:</b> RSI hexes+</td><td><b>Duration:</b> 10 (MS); 30 (CS) minutes</td></tr></table><p>Creates a sphere centered on the invoker with a radius of RSI hexes for Duration. No sound is heard inside the zone, nor can sound emanate from the zone.</p>",
    "source": "",
    "macros": {
      "type": "script",
      "command": ""
    },
    "deity": "Shala",
    "circle": 3,
    "effectiveMasteryLevel": 0
  },
  "_stats": {
    "systemId": "hm3",
    "systemVersion": "1.4.6",
    "coreVersion": "11.305",
    "createdTime": 1689284305234,
    "modifiedTime": 1689285083843,
    "lastModifiedBy": "gaRXj6PUpj4nuJ7Y"
  },
  "sort": 0,
  "ownership": {
    "default": 0,
    "gaRXj6PUpj4nuJ7Y": 3
  },
  "_key": "!items!EbkQGU4hAnZ3SeYb"
}
