{
  "_id": "bJmifSCYpkiSFd4N",
  "name": "Speak with Dead (II)",
  "type": "invocation",
  "img": "systems/hm3/images/icons/png/zelist.png",
  "effects": [],
  "folder": "4u6Psw2rEtLt9ZMS",
  "flags": {
    "core": {}
  },
  "system": {
    "notes": "",
    "description": "<table><tr><td><b>Time:</b> 15−RSI minutes+</td><td><b>Ritual:</b> Chant</td></tr><tr><td><b>Range:</b> Self+</td><td><b>Duration:</b> 10 (MS); 30 (CS) mins</td></tr></table><p>Allows conversation with a captured soul for Duration. Soul may     initiate Mental Conflict (Skills 23).</p>",
    "source": "",
    "macros": {
      "type": "script",
      "command": ""
    },
    "deity": "Zelist",
    "circle": 2,
    "effectiveMasteryLevel": 0
  },
  "_stats": {
    "systemId": "hm3",
    "systemVersion": "1.4.6",
    "coreVersion": "11.305",
    "createdTime": 1689284281965,
    "modifiedTime": 1689285083843,
    "lastModifiedBy": "gaRXj6PUpj4nuJ7Y"
  },
  "sort": 0,
  "ownership": {
    "default": 0,
    "gaRXj6PUpj4nuJ7Y": 3
  },
  "_key": "!items!bJmifSCYpkiSFd4N"
}
