{
  "_id": "7461I1DWYu6e3QEp",
  "name": "Succor of Bakyn  (IV)",
  "type": "invocation",
  "img": "systems/hm3/images/icons/png/kalos.png",
  "effects": [],
  "folder": "olFsheWfuwIH41Tk",
  "flags": {
    "core": {}
  },
  "system": {
    "notes": "",
    "description": "<table><tr><td><b>Time:</b> 15−RSI minutes+</td><td><b>Ritual:</b> Meditation/Tree Bark</td></tr><tr><td><b>Range:</b> Self/Touch+</td><td><b>Duration:</b> 5 (MS); 15 (CS) days</td></tr></table><p>Enables the subject to ignore the need of food or water for Duration. The subject must chew on a small piece of bark from the Orbaalese Spruce during Time. Most Kalosan clerics carry a small pouch of bark for this purpose. There are no weight loss or dehydration effects, provided there is at least a ten day interval of normal sustenance between each use.</p>",
    "source": "",
    "macros": {
      "type": "script",
      "command": ""
    },
    "deity": "Kalos",
    "circle": 4,
    "effectiveMasteryLevel": 0
  },
  "_stats": {
    "systemId": "hm3",
    "systemVersion": "1.4.6",
    "coreVersion": "11.305",
    "createdTime": 1689284270245,
    "modifiedTime": 1689285083843,
    "lastModifiedBy": "gaRXj6PUpj4nuJ7Y"
  },
  "sort": 0,
  "ownership": {
    "default": 0,
    "gaRXj6PUpj4nuJ7Y": 3
  },
  "_key": "!items!7461I1DWYu6e3QEp"
}
