{
  "_id": "E4vjIWUl2MFpN1aD",
  "name": "Suerlji’s Defense (III)",
  "type": "invocation",
  "img": "systems/hm3/images/icons/png/tyvos.png",
  "effects": [],
  "folder": "gTMPd6VAWFd8nfM2",
  "flags": {
    "core": {}
  },
  "system": {
    "notes": "",
    "description": "<table><tr><td><b>Time:</b> 25−RSI seconds+</td><td><b>Ritual:</b> Silent Prayer</td></tr><tr><td><b>Range:</b> Self/Touch+</td><td><b>Duration:</b> 5 (MS); 15 (CS) mins.</td></tr></table><p>Subject can fight without rest for Duration. During this time all Defense skills (Block, Counterstrike, Dodge) are +10. Subject acquires 5d6 Shock Roll when Duration expires.</p>",
    "source": "",
    "macros": {
      "type": "script",
      "command": ""
    },
    "deity": "Tyvos",
    "circle": 3,
    "effectiveMasteryLevel": 0
  },
  "_stats": {
    "systemId": "hm3",
    "systemVersion": "1.4.6",
    "coreVersion": "11.305",
    "createdTime": 1689284299721,
    "modifiedTime": 1689285083843,
    "lastModifiedBy": "gaRXj6PUpj4nuJ7Y"
  },
  "sort": 0,
  "ownership": {
    "default": 0,
    "gaRXj6PUpj4nuJ7Y": 3
  },
  "_key": "!items!E4vjIWUl2MFpN1aD"
}
