{
  "_id": "GL8JoAqzZXGm0MBS",
  "name": "Avikor",
  "type": "skill",
  "img": "systems/hm3/images/icons/png/avikor.png",
  "effects": [],
  "folder": "zQdlAO8iJ9sy3s9l",
  "flags": {
    "core": {}
  },
  "system": {
    "notes": "",
    "description": "",
    "source": "HM Magic, Shek-pvar 6",
    "macros": {
      "type": "script",
      "command": ""
    },
    "type": "Magic",
    "skillBase": {
      "value": 0,
      "formula": "@aur, @aur, @dex, Syrada:-2, Jig’won:-2, Anzor:-1, Shirdun-1, Izballa, Zosan’shi, Ariala:2, Boru:2, Caelaz, Sanyang, Gordol:-1, Ying:-1, Zhone:-2, Yong:-2, Quindor:-3, Feniku:-3, Dorma:3, Shuchi:3, Tollan:2, Chuán:2",
      "isFormulaValid": true
    },
    "masteryLevel": 0,
    "effectiveMasteryLevel": 0,
    "ritual": {
      "piety": 0
    },
    "improveFlag": false
  },
  "_stats": {
    "systemId": "hm3",
    "systemVersion": "1.4.6",
    "coreVersion": "11.305",
    "createdTime": 1689284340747,
    "modifiedTime": 1689285072117,
    "lastModifiedBy": "gaRXj6PUpj4nuJ7Y"
  },
  "sort": 0,
  "ownership": {
    "default": 0,
    "gaRXj6PUpj4nuJ7Y": 3
  },
  "_key": "!items!GL8JoAqzZXGm0MBS"
}
