{
  "_id": "iSBX5mnclInXImpU",
  "name": "Club",
  "type": "skill",
  "img": "systems/hm3/images/icons/svg/club.svg",
  "effects": [],
  "folder": "cJOUm26iXG0pfgNQ",
  "flags": {
    "core": {}
  },
  "system": {
    "notes": "",
    "description": "",
    "source": "HM3 Skills 19",
    "macros": {
      "type": "script",
      "command": ""
    },
    "type": "Combat",
    "skillBase": {
      "value": 0,
      "formula": "@str, @str, @dex, Syrada, Jig’won, Ariala, Boru",
      "isFormulaValid": true
    },
    "masteryLevel": 0,
    "effectiveMasteryLevel": 0,
    "ritual": {
      "piety": 0
    },
    "improveFlag": false
  },
  "_stats": {
    "systemId": "hm3",
    "systemVersion": "1.4.6",
    "coreVersion": "11.305",
    "createdTime": 1689284318724,
    "modifiedTime": 1689285072117,
    "lastModifiedBy": "gaRXj6PUpj4nuJ7Y"
  },
  "sort": 0,
  "ownership": {
    "default": 0,
    "gaRXj6PUpj4nuJ7Y": 3
  },
  "_key": "!items!iSBX5mnclInXImpU"
}
