{
  "_id": "CJHE6RelYvl2GdOY",
  "name": "Condition",
  "type": "skill",
  "img": "systems/hm3/images/icons/svg/muscle.svg",
  "effects": [],
  "folder": "fDhSQkzzr3ZpdSmk",
  "flags": {
    "core": {}
  },
  "system": {
    "notes": "",
    "description": "",
    "source": "HM3 Skills 9",
    "macros": {
      "type": "script",
      "command": ""
    },
    "type": "Physical",
    "skillBase": {
      "value": 0,
      "formula": "@str, @sta, @wil, Syrada, Jig’won, Tollan, Chuán",
      "isFormulaValid": true
    },
    "masteryLevel": 0,
    "effectiveMasteryLevel": 0,
    "ritual": {
      "piety": 0
    },
    "improveFlag": false
  },
  "_stats": {
    "systemId": "hm3",
    "systemVersion": "1.4.6",
    "coreVersion": "11.305",
    "createdTime": 1689284348336,
    "modifiedTime": 1689285072117,
    "lastModifiedBy": "gaRXj6PUpj4nuJ7Y"
  },
  "sort": 0,
  "ownership": {
    "default": 0,
    "gaRXj6PUpj4nuJ7Y": 3
  },
  "_key": "!items!CJHE6RelYvl2GdOY"
}
