{
  "_id": "vlLjBRWb2UHWht18",
  "name": "Mikoto-sai",
  "type": "skill",
  "img": "systems/hm3/images/icons/png/vandor.png",
  "effects": [],
  "folder": "ehEs3IXsjATxYb8d",
  "flags": {
    "core": {}
  },
  "system": {
    "notes": "",
    "description": "",
    "source": "HM Religion, Mikoto-sai 1",
    "macros": {
      "type": "script",
      "command": ""
    },
    "type": "Ritual",
    "skillBase": {
      "value": 0,
      "formula": "@voi, @int, @int, Izballa:2, Zosan’shi:2, Ariala, Boru, Aramos, Lengjing",
      "isFormulaValid": true
    },
    "masteryLevel": 0,
    "effectiveMasteryLevel": 0,
    "ritual": {
      "piety": 0
    },
    "improveFlag": false
  },
  "_stats": {
    "systemId": "hm3",
    "systemVersion": "1.4.6",
    "coreVersion": "11.305",
    "createdTime": 1689284353454,
    "modifiedTime": 1689285072117,
    "lastModifiedBy": "gaRXj6PUpj4nuJ7Y"
  },
  "sort": 0,
  "ownership": {
    "default": 0,
    "gaRXj6PUpj4nuJ7Y": 3
  },
  "_key": "!items!vlLjBRWb2UHWht18"
}
