{
  "_id": "mjJCeYXp8Djk7euW",
  "name": "Musician",
  "type": "skill",
  "img": "systems/hm3/images/icons/svg/harp.svg",
  "effects": [],
  "folder": "J0xwQtSGnFyerX7W",
  "flags": {
    "core": {}
  },
  "system": {
    "notes": "",
    "description": "",
    "source": "HM3 Skills 12",
    "macros": {
      "type": "script",
      "command": ""
    },
    "type": "Communication",
    "skillBase": {
      "value": 0,
      "formula": "@dex, @hrg, @tch, Dorma, Shuchi, Aramos, Lengjing",
      "isFormulaValid": true
    },
    "masteryLevel": 0,
    "effectiveMasteryLevel": 0,
    "ritual": {
      "piety": 0
    },
    "improveFlag": false
  },
  "_stats": {
    "systemId": "hm3",
    "systemVersion": "1.4.6",
    "coreVersion": "11.305",
    "createdTime": 1689284325380,
    "modifiedTime": 1689285072117,
    "lastModifiedBy": "gaRXj6PUpj4nuJ7Y"
  },
  "sort": 0,
  "ownership": {
    "default": 0,
    "gaRXj6PUpj4nuJ7Y": 3
  },
  "_key": "!items!mjJCeYXp8Djk7euW"
}
