{
  "_id": "7uor5vb9cWDkS8EZ",
  "name": "Swimming",
  "type": "skill",
  "img": "systems/hm3/images/icons/svg/swimming.svg",
  "effects": [],
  "folder": "fDhSQkzzr3ZpdSmk",
  "flags": {
    "core": {}
  },
  "system": {
    "notes": "",
    "description": "",
    "source": "HM3 Skills 9",
    "macros": {
      "type": "script",
      "command": ""
    },
    "type": "Physical",
    "skillBase": {
      "value": 0,
      "formula": "@sta, @dex, @agl, Quindor, Feniku, Dorma:3, Shuchi:3, Tollan:3, Chuán:3",
      "isFormulaValid": true
    },
    "masteryLevel": 0,
    "effectiveMasteryLevel": 0,
    "ritual": {
      "piety": 0
    },
    "improveFlag": false
  },
  "_stats": {
    "systemId": "hm3",
    "systemVersion": "1.4.6",
    "coreVersion": "11.305",
    "createdTime": 1689284348336,
    "modifiedTime": 1689285072117,
    "lastModifiedBy": "gaRXj6PUpj4nuJ7Y"
  },
  "sort": 0,
  "ownership": {
    "default": 0,
    "gaRXj6PUpj4nuJ7Y": 3
  },
  "_key": "!items!7uor5vb9cWDkS8EZ"
}
