{
  "_id": "eQywMvEAC8Cp1Z0l",
  "name": "Toraz",
  "type": "skill",
  "img": "systems/hm3/images/icons/png/toraz.png",
  "effects": [],
  "folder": "zQdlAO8iJ9sy3s9l",
  "flags": {
    "core": {}
  },
  "system": {
    "notes": "",
    "description": "",
    "source": "HM Magic, Shek-pvar 6",
    "macros": {
      "type": "script",
      "command": ""
    },
    "type": "Magic",
    "skillBase": {
      "value": 0,
      "formula": "@aur, @aur, @sml, Syrada:-2, Jig’won:-2, Izballa:-1, Zosan’shi:-1, Anzor, Shirdun, Aramos:-2, Lengjing:-2, Caelaz:3, Sanyang:3, Gordol:-3, Ying:-3, Torka:2, Yari:2, Quindor:-1, Feniku:-1, Dorma, Shuchi, Tollan:2, Chuán:2",
      "isFormulaValid": true
    },
    "masteryLevel": 0,
    "effectiveMasteryLevel": 0,
    "ritual": {
      "piety": 0
    },
    "improveFlag": false
  },
  "_stats": {
    "systemId": "hm3",
    "systemVersion": "1.4.6",
    "coreVersion": "11.305",
    "createdTime": 1689284340747,
    "modifiedTime": 1689285072117,
    "lastModifiedBy": "gaRXj6PUpj4nuJ7Y"
  },
  "sort": 0,
  "ownership": {
    "default": 0,
    "gaRXj6PUpj4nuJ7Y": 3
  },
  "_key": "!items!eQywMvEAC8Cp1Z0l"
}
