{
  "_id": "Ix8jZ95lzlMCIE0w",
  "name": "Weaponcraft",
  "type": "skill",
  "img": "systems/hm3/images/icons/svg/sword.svg",
  "effects": [],
  "folder": "Ij5fwgmSug2RjFKu",
  "flags": {
    "core": {}
  },
  "system": {
    "notes": "",
    "description": "",
    "source": "HM3 Skills 17",
    "macros": {
      "type": "script",
      "command": ""
    },
    "type": "Craft",
    "skillBase": {
      "value": 0,
      "formula": "@str, @dex, @tch, Anzor:3, Shirdun:3, Izballa, Zosan’shi, Aramos, Lengjing",
      "isFormulaValid": true
    },
    "masteryLevel": 0,
    "effectiveMasteryLevel": 0,
    "ritual": {
      "piety": 0
    },
    "improveFlag": false
  },
  "_stats": {
    "systemId": "hm3",
    "systemVersion": "1.4.6",
    "coreVersion": "11.305",
    "createdTime": 1689284333879,
    "modifiedTime": 1689285072117,
    "lastModifiedBy": "gaRXj6PUpj4nuJ7Y"
  },
  "sort": 0,
  "ownership": {
    "default": 0,
    "gaRXj6PUpj4nuJ7Y": 3
  },
  "_key": "!items!Ix8jZ95lzlMCIE0w"
}
