{
  "_id": "0wTzWdwGBYsmUBoT",
  "name": "Xavar’na",
  "type": "skill",
  "img": "systems/hm3/images/icons/png/xavarna.png",
  "effects": [],
  "folder": "zQdlAO8iJ9sy3s9l",
  "flags": {
    "core": {}
  },
  "system": {
    "notes": "",
    "description": "",
    "source": "HM Magic, Shek-pvar 6",
    "macros": {
      "type": "script",
      "command": ""
    },
    "type": "Magic",
    "skillBase": {
      "value": 0,
      "formula": "@aur, @aur, @int, Caelaz:-1, Sanyang:-1, Ariala:2, Boru:2, Anzor:-3, Shirdun:-3, Izballa:3, Zosan’shi:3, Aramos:2, Lengjing:2, Gordol, Ying, Torka:-2, Yari:-2, Zhone:-2, Yong:-2, Quindor:-1, Feniku:-1, Dorma, Shuchi",
      "isFormulaValid": true
    },
    "masteryLevel": 0,
    "effectiveMasteryLevel": 0,
    "ritual": {
      "piety": 0
    },
    "improveFlag": false
  },
  "_stats": {
    "systemId": "hm3",
    "systemVersion": "1.4.6",
    "coreVersion": "11.305",
    "createdTime": 1689284340747,
    "modifiedTime": 1689285072117,
    "lastModifiedBy": "gaRXj6PUpj4nuJ7Y"
  },
  "sort": 0,
  "ownership": {
    "default": 0,
    "gaRXj6PUpj4nuJ7Y": 3
  },
  "_key": "!items!0wTzWdwGBYsmUBoT"
}
