{
  "_id": "2nYzH6D4b194HDQu",
  "name": "Yalva",
  "type": "skill",
  "img": "systems/hm3/images/icons/png/yalva.png",
  "effects": [],
  "folder": "zQdlAO8iJ9sy3s9l",
  "flags": {
    "core": {}
  },
  "system": {
    "notes": "",
    "description": "",
    "source": "HM Magic, Shek-pvar 6",
    "macros": {
      "type": "script",
      "command": ""
    },
    "type": "Magic",
    "skillBase": {
      "value": 0,
      "formula": "@aur, @aur, @agl, Ariala:-2, Boru:-2, Anzor, Shirdun, Izballa:-3, Zosan’shi:-3, Syrada:2, Jig’won:2, Caelaz:-1, Sanyang:-1, Gordol, Ying, Zhone:2, Yong:2, Quindor:3, Feniku:3, Dorma:-3, Shuchi:-3, Tollan:-2, Chuán:-2",
      "isFormulaValid": true
    },
    "masteryLevel": 0,
    "effectiveMasteryLevel": 0,
    "ritual": {
      "piety": 0
    },
    "improveFlag": false
  },
  "_stats": {
    "systemId": "hm3",
    "systemVersion": "1.4.6",
    "coreVersion": "11.305",
    "createdTime": 1689284340747,
    "modifiedTime": 1689285072117,
    "lastModifiedBy": "gaRXj6PUpj4nuJ7Y"
  },
  "sort": 0,
  "ownership": {
    "default": 0,
    "gaRXj6PUpj4nuJ7Y": 3
  },
  "_key": "!items!2nYzH6D4b194HDQu"
}
