{
  "Actor": {
    "types": ["character", "creature", "container"],
    "templates": {
      "base": {
        "bioImage": "systems/hm3/images/svg/knight-silhouette.svg",
        "species": "",
        "fatigue": 0,
        "sunsign": "",
        "abilities": {
          "strength": {
            "base": 0
          },
          "stamina": {
            "base": 0
          },
          "dexterity": {
            "base": 0
          },
          "agility": {
            "base": 0
          },
          "speed": {
            "base": 0
          },
          "intelligence": {
            "base": 0
          },
          "aura": {
            "base": 0
          },
          "will": {
            "base": 0
          },
          "eyesight": {
            "base": 0
          },
          "hearing": {
            "base": 0
          },
          "smell": {
            "base": 0
          },
          "touch": {
            "base": 0
          },
          "voice": {
            "base": 0
          },
          "comeliness": {
            "base": 0
          },
          "morality": {
            "base": 0
          }
        },
        "move": {
          "base": 0
        },
        "shockIndex": {
          "max": 100,
          "value": 100
        },
        "description": "***INIT***",
        "biography": "",
        "macros": {
          "type": "script",
          "command": ""
        }
      }
    },
    "character": {
      "templates": ["base"],
      "gender": "",
      "occupation": ""
    },
    "creature": {
      "templates": ["base"],
      "loadRating": 0
    },
    "container": {
      "templates": [],
      "bioImage": "systems/hm3/images/icons/svg/chest.svg",
      "description": "",
      "macros": {},
      "capacity": {
        "max": 0
      }
    }
  },
  "Item": {
    "types": ["skill", "spell", "invocation", "psionic", "weapongear", "containergear",
      "missilegear", "armorgear", "miscgear", "injury", "armorlocation", "trait"],
    "templates": {
      "base": {
        "notes": "",
        "description": "",
        "source": "",
        "macros": {
          "type": "script",
          "command": ""
        }
      },
      "gear": {
        "quantity": 1,
        "value": 0,
        "weight": 0,
        "isCarried": true,
        "isEquipped": true,
        "container": "on-person",
        "arcane": {
          "isArtifact": false,
          "isAttuned": false,
          "charges": -1,
          "ego": 0
        }
      },
      "weapon": {
        "assocSkill": "None",
        "weaponQuality": 0,
        "attackMasteryLevel": 0
      }
    },
    "skill": {
      "templates": ["base"],
      "type": "Craft",
      "skillBase": {
        "value": 0,
        "formula": "",
        "isFormulaValid": true
      },
      "masteryLevel": 0,
      "effectiveMasteryLevel": 0,
      "ritual": {
        "piety":0
      },
      "improveFlag": false
    },
    "spell": {
      "templates": ["base"],
      "convocation": "",
      "level": 1,
      "effectiveMasteryLevel": 0
    },
    "invocation": {
      "templates": ["base"],
      "deity": "",
      "circle": 1,
      "effectiveMasteryLevel": 0
    },
    "psionic": {
      "templates": ["base"],
      "skillBase": {
        "value": 0,
        "formula": "",
        "isFormulaValid": true
      },
      "masteryLevel": 0,
      "effectiveMasteryLevel": 0,
      "improveFlag": false,
      "fatigue": 0
    },
    "weapongear": {
      "templates": ["base", "gear", "weapon"],
      "attack": 0,
      "defense": 0,
      "attackModifier": 0,
      "blunt": 0,
      "edged": 0,
      "piercing": 0,
      "defenseMasteryLevel": 0
    },
    "missilegear": {
      "templates": ["base", "gear", "weapon"],
      "weaponAspect": "Piercing",
      "attackModifier": 0,
      "range": {
        "short": 0,
        "medium": 0,
        "long": 0,
        "extreme": 0
      },
      "impact": {
        "short": 0,
        "medium": 0,
        "long": 0,
        "extreme": 0
      }
    },
    "armorgear": {
      "templates": ["base", "gear"],
      "material": "",
      "armorQuality": 0,
      "locations": [],
      "protection": {
        "blunt": 0,
        "edged": 0,
        "piercing": 0,
        "fire": 0
      },
      "size": 6
    },
    "miscgear": {
      "templates": ["base", "gear"]
    },
    "containergear": {
      "templates": ["base", "gear"],
      "capacity": {
        "max": 1,
        "value": 0
      }
    },
    "injury": {
      "templates": ["base"],
      "healRate": 0,
      "injuryLevel": 0,
      "severity": ""
    },
    "armorlocation": {
      "templates": [],
      "layers": "",
      "armorQuality": 0,
      "blunt": 0,
      "edged": 0,
      "piercing": 0,
      "fire": 0,
      "isFumble": false,
      "isStumble": false,
      "isAmputate": false,
      "impactType": "custom",
      "effectiveImpact": {
        "ei1": "M1",
        "ei5": "S2",
        "ei9": "S3",
        "ei13": "G4",
        "ei17": "G5"
      },
      "probWeight": {
        "high": 1,
        "mid": 1,
        "low": 1
      }
    },
    "trait": {
      "templates": ["base"],
      "type": "Physical"
    }
  }
}
